{
  "name": "angular-signature",
  "description": "HTML5 canvas based smooth signature drawing as AngularJS directive",
  "license": "MIT",
  "main": "src/signature.js",
  "ignore": [],
  "repository": {
    "type": "git",
    "url": "git://github.com/legalthings/signature-pad-angular.git"
  },
  "dependencies": {
    "angular": "~1.3",
    "signature_pad": "~1.3"
  },
  "homepage": "https://github.com/legalthings/angular-signature",
  "version": "0.1.7",
  "_release": "0.1.7",
  "_resolution": {
    "type": "version",
    "tag": "v0.1.7",
    "commit": "256f4f3ed109e7c62ca068f3444d32af30d5aec7"
  },
  "_source": "https://github.com/legalthings/angular-signature.git",
  "_target": "^0.1.7",
  "_originalSource": "angular-signature",
  "_direct": true
}